{
    "threshold": 0.5,
    "bce": 0.030718768015503883,
    "tp": 1635,
    "fp": 92,
    "tn": 25286,
    "fn": 173,
    "precision": 0.9467284307993821,
    "recall": 0.9043141592870337,
    "f1": 0.9250353556763167,
    "accuracy": 0.9902523357606892
}