{
    "threshold": 0.5,
    "bce": 0.028082961216568947,
    "tp": 1655,
    "fp": 92,
    "tn": 25286,
    "fn": 153,
    "precision": 0.947338294213238,
    "recall": 0.9153761061896274,
    "f1": 0.9310829767121273,
    "accuracy": 0.9909880085334396
}