{
    "threshold": 0.5,
    "bce": 0.02965419553220272,
    "tp": 1648,
    "fp": 97,
    "tn": 25281,
    "fn": 160,
    "precision": 0.9444126074444447,
    "recall": 0.9115044247737196,
    "f1": 0.9276667554804481,
    "accuracy": 0.9905466048697894
}