{
    "threshold": 0.5,
    "bce": 0.021419968456029892,
    "tp": 1611,
    "fp": 95,
    "tn": 25341,
    "fn": 139,
    "precision": 0.9443141852230698,
    "recall": 0.9205714285661682,
    "f1": 0.932291661662082,
    "accuracy": 0.9913926285584523
}