{
    "threshold": 0.5,
    "bce": 0.02794736810028553,
    "tp": 1629,
    "fp": 90,
    "tn": 25288,
    "fn": 179,
    "precision": 0.9476439790520789,
    "recall": 0.9009955752162556,
    "f1": 0.9237312113291054,
    "accuracy": 0.9901052012061391
}