{
    "threshold": 0.5,
    "bce": 0.031106075271964073,
    "tp": 1630,
    "fp": 94,
    "tn": 25284,
    "fn": 178,
    "precision": 0.9454756380455599,
    "recall": 0.9015486725613853,
    "f1": 0.9229898024721203,
    "accuracy": 0.9899948502902266
}