{
    "Soft label Reconstruction": [
        0.738591194152832, 0.7731521129608154, 0.645401120185852, 0.7440779209136963,
        0.7617048025131226, 0.7746238708496094, 0.7674439549446106, 0.7759936451911926,
        0.7801288962364197, 0.7556641101837158, 0.7793846130371094, 0.7386442422866821,
        0.673909068107605, 0.6959507465362549, 0.7406085729598999, 0.7609300017356873,
        0.7747492790222168, 0.7524705529212952, 0.7503246068954468, 0.7120592594146729
    ],
    "Hard label Reconstruction": [
        0.7877881526947021, 0.733502984046936, 0.5254807472229004, 0.7132560014724731,
        0.7651896476745605, 0.6078374981880188, 0.775432288646698, 0.7351864576339722,
        0.7611805200576782, 0.5804843902587891, 0.6931295394897461, 0.7095785140991211,
        0.7333167791366577, 0.5931065082550049, 0.679543137550354, 0.5191232562065125,
        0.7535544037818909, 0.7394876480102539, 0.709191083908081, 0.7990819215774536
    ],
    "Guassian Reconstruction": [
        0.6526370048522949, 0.7523258924484253, 0.7733144760131836, 0.48858755826950073,
        0.7596472501754761, 0.7307780981063843, 0.7394404411315918, 0.7520673274993896,
        0.7186462879180908, 0.7116458415985107, 0.7434395551681519, 0.6936619281768799,
        0.7655031681060791, 0.5235044956207275, 0.7557805776596069, 0.5256542563438416,
        0.7615320086479187, 0.4898402690887451, 0.7310092449188232, 0.755180835723877
    ]
}