{
    "threshold": 0.5,
    "bce": 0.047620002180337906,
    "tp": 1514,
    "fp": 152,
    "tn": 25226,
    "fn": 294,
    "precision": 0.9087635053967061,
    "recall": 0.8373893805263419,
    "f1": 0.8716177267246946,
    "accuracy": 0.983594497167298
}