{
    "threshold": 0.5,
    "bce": 0.0447903573513031,
    "tp": 1567,
    "fp": 148,
    "tn": 25230,
    "fn": 241,
    "precision": 0.9137026239013779,
    "recall": 0.8667035398182152,
    "f1": 0.8895827369797001,
    "accuracy": 0.9856911645696367
}