{
    "threshold": 0.5,
    "bce": 0.0414063036441803,
    "tp": 1523,
    "fp": 148,
    "tn": 25288,
    "fn": 227,
    "precision": 0.911430281263247,
    "recall": 0.8702857142807413,
    "f1": 0.890382923965599,
    "accuracy": 0.9862061355105619
}