{
    "threshold": 0.5,
    "bce": 0.044479984790086746,
    "tp": 1551,
    "fp": 126,
    "tn": 25252,
    "fn": 257,
    "precision": 0.9248658318370611,
    "recall": 0.8578539822961402,
    "f1": 0.8901004254180256,
    "accuracy": 0.9859118664014618
}