{
    "threshold": 0.5,
    "bce": 0.04257902130484581,
    "tp": 1580,
    "fp": 157,
    "tn": 25221,
    "fn": 228,
    "precision": 0.9096142774846885,
    "recall": 0.8738938053049011,
    "f1": 0.8913963278601642,
    "accuracy": 0.9858382991241867
}