{
     "Gaussian": [
        0.6029971837997437,
        0.7113823294639587,
        0.7266988754272461,
        0.7077637910842896,
        0.6943961381912231,
        0.5801841020584106,
        0.7283983826637268,
        0.6876599788665771,
        0.716355562210083,
        0.6942862272262573,
        0.46359527111053467,
        0.7226945757865906,
        0.7363420724868774,
        0.7267416715621948,
        0.7149568796157837,
        0.7310105562210083,
        0.7201864123344421,
        0.7513085007667542,
        0.6556549072265625,
        0.7285944223403931
    ],
    "Soft Label": [
        0.7195780277252197,
        0.7679269313812256,
        0.7565335035324097,
        0.7098022699356079,
        0.7010877728462219,
        0.7277205586433411,
        0.7720481157302856,
        0.7253733277320862,
        0.6579110622406006,
        0.7450275421142578,
        0.6143894791603088,
        0.7113327980041504,
        0.7046639919281006,
        0.7134420871734619,
        0.6929593086242676,
        0.7427861094474792,
        0.714087188243866,
        0.7141752243041992,
        0.7423518896102905,
        0.7507175207138062
    ],
     "Hard_Label": [
        0.7265118360519409,
        0.6958826184272766,
        0.6950730085372925,
        0.6948495507240295,
        0.7325459122657776,
        0.7531695365905762,
        0.752007007598877,
        0.7139313220977783,
        0.7703286409378052,
        0.6983559131622314,
        0.7227048277854919,
        0.730398416519165,
        0.6406855583190918,
        0.7800399661064148,
        0.6395410299301147,
        0.7174820303916931,
        0.7260993719100952,
        0.7089176177978516,
        0.6363560557365417,
        0.7173728942871094
    ]
  
}