{
  "random_state": [
    27,
    91,
    11,
    82,
    52,
    76,
    3,
    21,
    83,
    58,
    27,
    16,
    34,
    54,
    54,
    21,
    57,
    58,
    41,
    36
  ],
  "Gaussian": [
    0.8523075580596924,
    0.8326592445373535,
    0.8393004536628723,
    0.830922544002533,
    0.8388400077819824,
    0.8113155364990234,
    0.840044379234314,
    0.8305943012237549,
    0.8295351266860962,
    0.8454691171646118,
    0.8517577648162842,
    0.8470167517662048,
    0.8411023020744324,
    0.8557682633399963,
    0.8532159328460693,
    0.8546213507652283,
    0.8409639596939087,
    0.8380021452903748,
    0.8439792394638062,
    0.8079153299331665
  ],
  "Soft_Label": [
    0.8492245674133301,
    0.832069993019104,
    0.8332541584968567,
    0.840691328048706,
    0.8410487771034241,
    0.8247543573379517,
    0.8419888019561768,
    0.8420866131782532,
    0.8294490575790405,
    0.8358884453773499,
    0.8357170820236206,
    0.8542641401290894,
    0.8364390134811401,
    0.85284024477005,
    0.851934552192688,
    0.8460883498191833,
    0.8455169200897217,
    0.8427063822746277,
    0.8466883897781372,
    0.8216193914413452
  ],
  "Hard_Label": [
    0.8503168821334839,
    0.8298911452293396,
    0.8398982286453247,
    0.8362414836883545,
    0.8402215838432312,
    0.823491632938385,
    0.851116955280304,
    0.8448896408081055,
    0.8259643316268921,
    0.8437100648880005,
    0.8245975375175476,
    0.8543800115585327,
    0.8324121236801147,
    0.855676531791687,
    0.837048351764679,
    0.8364081382751465,
    0.8445429801940918,
    0.8467614650726318,
    0.8324326276779175,
    0.8198124766349792
  ]
}